{
	"info": {
		"_postman_id": "0f5c6953-ade6-4cf2-b563-3e5cc73048aa",
		"name": "BASE_SERVER",
		"schema": "https://schema.getpostman.com/json/collection/v2.1.0/collection.json",
		"_exporter_id": "26415733",
		"_collection_link": "https://warped-shuttle-126682.postman.co/workspace/tungff~f3e60076-fd12-4b69-811b-3b87918b4f60/collection/26415733-0f5c6953-ade6-4cf2-b563-3e5cc73048aa?action=share&source=collection_link&creator=26415733"
	},
	"item": [
		{
			"name": "user ( người dùng )",
			"item": [
				{
					"name": "register",
					"request": {
						"method": "POST",
						"header": [],
						"body": {
							"mode": "raw",
							"raw": "{\r\n    \"name\": \"admin nguyễn\",\r\n    \"address\": \"admin address\",\r\n    \"phone\": \"033464987\",\r\n    \"email\": \"admin\",\r\n    \"password\": \"admin\"\r\n}",
							"options": {
								"raw": {
									"language": "json"
								}
							}
						},
						"url": {
							"raw": "http://localhost:3000/api/user/register",
							"protocol": "http",
							"host": [
								"localhost"
							],
							"port": "3000",
							"path": [
								"api",
								"user",
								"register"
							]
						}
					},
					"response": []
				},
				{
					"name": "tìm tất cả user ( ko dùng trong app )",
					"request": {
						"method": "GET",
						"header": [],
						"url": {
							"raw": "http://localhost:3000/api/user",
							"protocol": "http",
							"host": [
								"localhost"
							],
							"port": "3000",
							"path": [
								"api",
								"user"
							]
						}
					},
					"response": []
				},
				{
					"name": "tìm user theo id",
					"request": {
						"method": "GET",
						"header": [],
						"url": {
							"raw": "http://localhost:3000/api/user/67164e030e430db133096287",
							"protocol": "http",
							"host": [
								"localhost"
							],
							"port": "3000",
							"path": [
								"api",
								"user",
								"67164e030e430db133096287"
							]
						}
					},
					"response": []
				},
				{
					"name": "cập nhật thông tin người dùng",
					"request": {
						"method": "PUT",
						"header": [],
						"body": {
							"mode": "raw",
							"raw": "{\r\n   \r\n            \"address\": \"123 daare\",\r\n            \"email\": \"saoooo2pro2@gmail.com\",\r\n            \"name\": \"23rrrrsd\",\r\n            \"phone\": \"42333232323\"\r\n}",
							"options": {
								"raw": {
									"language": "json"
								}
							}
						},
						"url": {
							"raw": "http://localhost:3000/api/user/6737fdd0ee57203db3f8c07d",
							"protocol": "http",
							"host": [
								"localhost"
							],
							"port": "3000",
							"path": [
								"api",
								"user",
								"6737fdd0ee57203db3f8c07d"
							]
						}
					},
					"response": []
				},
				{
					"name": "change password",
					"request": {
						"method": "POST",
						"header": [],
						"body": {
							"mode": "raw",
							"raw": "{\r\n    \"oldPassword\":\"admin\",\r\n    \"newPassword\":\"admin\"\r\n}",
							"options": {
								"raw": {
									"language": "json"
								}
							}
						},
						"url": {
							"raw": "http://localhost:3000/api/user/change-password/6737fcde5b892a02e876b2c7",
							"protocol": "http",
							"host": [
								"localhost"
							],
							"port": "3000",
							"path": [
								"api",
								"user",
								"change-password",
								"6737fcde5b892a02e876b2c7"
							]
						}
					},
					"response": []
				},
				{
					"name": "login",
					"request": {
						"method": "POST",
						"header": [],
						"body": {
							"mode": "raw",
							"raw": "{\r\n    \"email\":\"admin\",\r\n    \"password\":\"admin\"\r\n}",
							"options": {
								"raw": {
									"language": "json"
								}
							}
						},
						"url": {
							"raw": "http://localhost:3000/api/user/login",
							"protocol": "http",
							"host": [
								"localhost"
							],
							"port": "3000",
							"path": [
								"api",
								"user",
								"login"
							]
						}
					},
					"response": []
				}
			]
		},
		{
			"name": "banner ( quảng cáo slide show )",
			"item": [
				{
					"name": "tìm tất cả banner",
					"request": {
						"method": "GET",
						"header": [],
						"url": {
							"raw": "http://localhost:3000/api/banner/get-all?page=1&limit=10",
							"protocol": "http",
							"host": [
								"localhost"
							],
							"port": "3000",
							"path": [
								"api",
								"banner",
								"get-all"
							],
							"query": [
								{
									"key": "page",
									"value": "1"
								},
								{
									"key": "limit",
									"value": "10"
								}
							]
						}
					},
					"response": []
				}
			]
		},
		{
			"name": "product ( sản phẩm )",
			"item": [
				{
					"name": "tìm tất cả sản phẩm, sắp sếp chỉ 1 trường tăng dần hoặc giảm dần ( name , price, discount )",
					"request": {
						"method": "GET",
						"header": [],
						"url": {
							"raw": "http://localhost:3000/api/product/get-all?page=1&limit=10&name=nước&priceMin=100000&priceMax=1000000&sort=price&order=asc",
							"protocol": "http",
							"host": [
								"localhost"
							],
							"port": "3000",
							"path": [
								"api",
								"product",
								"get-all"
							],
							"query": [
								{
									"key": "page",
									"value": "1"
								},
								{
									"key": "limit",
									"value": "10"
								},
								{
									"key": "name",
									"value": "nước"
								},
								{
									"key": "priceMin",
									"value": "100000"
								},
								{
									"key": "priceMax",
									"value": "1000000"
								},
								{
									"key": "sort",
									"value": "price"
								},
								{
									"key": "order",
									"value": "asc"
								},
								{
									"key": "order",
									"value": "desc",
									"disabled": true
								}
							]
						}
					},
					"response": []
				},
				{
					"name": "tìm sản phẩm theo id",
					"request": {
						"method": "GET",
						"header": [],
						"url": {
							"raw": "http://localhost:3000/api/product/673aa252a9d42d3f6dd78a54",
							"protocol": "http",
							"host": [
								"localhost"
							],
							"port": "3000",
							"path": [
								"api",
								"product",
								"673aa252a9d42d3f6dd78a54"
							]
						}
					},
					"response": []
				}
			]
		},
		{
			"name": "product-reivew ( đánh giá sản phẩm )",
			"item": [
				{
					"name": "thêm mới đánh giá sản phẩm",
					"request": {
						"method": "POST",
						"header": [],
						"body": {
							"mode": "raw",
							"raw": "{\r\n    \"userId\": \"67164e030e430db133096287\",\r\n    \"productId\": \"673aa252a9d42d3f6dd78a54\",\r\n    \"rating\": 1,\r\n    \"reviewText\": \"vi\"\r\n}",
							"options": {
								"raw": {
									"language": "json"
								}
							}
						},
						"url": {
							"raw": "http://localhost:3000/api/product-review",
							"protocol": "http",
							"host": [
								"localhost"
							],
							"port": "3000",
							"path": [
								"api",
								"product-review"
							]
						}
					},
					"response": []
				},
				{
					"name": "tìm đánh giá sản phẩm theo id sản phẩm",
					"request": {
						"method": "GET",
						"header": [],
						"url": {
							"raw": "http://localhost:3000/api/product-review/p/673aa471a9d42d3f6dd78a57",
							"protocol": "http",
							"host": [
								"localhost"
							],
							"port": "3000",
							"path": [
								"api",
								"product-review",
								"p",
								"673aa471a9d42d3f6dd78a57"
							]
						}
					},
					"response": []
				},
				{
					"name": "tìm đánh giá sản phẩm theo id người dùng",
					"request": {
						"method": "GET",
						"header": [],
						"url": {
							"raw": "http://localhost:3000/api/product-review/u/6737fdd0ee57203db3f8c07d",
							"protocol": "http",
							"host": [
								"localhost"
							],
							"port": "3000",
							"path": [
								"api",
								"product-review",
								"u",
								"6737fdd0ee57203db3f8c07d"
							]
						}
					},
					"response": []
				},
				{
					"name": "xóa đánh giá sản phẩm theo id productReview",
					"request": {
						"method": "DELETE",
						"header": [],
						"url": {
							"raw": "http://localhost:3000/api/product-review/673ac7dead0cf16b1480e2e3",
							"protocol": "http",
							"host": [
								"localhost"
							],
							"port": "3000",
							"path": [
								"api",
								"product-review",
								"673ac7dead0cf16b1480e2e3"
							]
						}
					},
					"response": []
				}
			]
		},
		{
			"name": "product-fav ( yêu thích sản phẩm )",
			"item": [
				{
					"name": "thêm yêu thích sản phẩm",
					"request": {
						"method": "POST",
						"header": [],
						"body": {
							"mode": "raw",
							"raw": "{\r\n    \"userId\": \"67164e030e430db133096287\",\r\n    \"productId\": \"673aa252a9d42d3f6dd78a54\"\r\n}",
							"options": {
								"raw": {
									"language": "json"
								}
							}
						},
						"url": {
							"raw": "http://localhost:3000/api/product-fav",
							"protocol": "http",
							"host": [
								"localhost"
							],
							"port": "3000",
							"path": [
								"api",
								"product-fav"
							]
						}
					},
					"response": []
				},
				{
					"name": "tìm sản phẩm đã yêu thích theo id user",
					"request": {
						"method": "GET",
						"header": [],
						"url": {
							"raw": "http://localhost:3000/api/product-fav/u/67164e030e430db133096287",
							"protocol": "http",
							"host": [
								"localhost"
							],
							"port": "3000",
							"path": [
								"api",
								"product-fav",
								"u",
								"67164e030e430db133096287"
							]
						}
					},
					"response": []
				},
				{
					"name": "xóa yêu thích sản phẩm theo id product fav",
					"request": {
						"method": "DELETE",
						"header": [],
						"url": {
							"raw": "http://localhost:3000/api/product-fav/673bf7a8633c5205c61a93c8",
							"protocol": "http",
							"host": [
								"localhost"
							],
							"port": "3000",
							"path": [
								"api",
								"product-fav",
								"673bf7a8633c5205c61a93c8"
							]
						}
					},
					"response": []
				},
				{
					"name": "xóa yêu thích sản phẩm theo id product fav v2",
					"request": {
						"method": "DELETE",
						"header": [],
						"body": {
							"mode": "raw",
							"raw": "{\r\n    \"userId\":\"673c329d7dcb360be5abae1c\",\r\n    \"productId\":\"673aa252a9d42d3f6dd78a54\"\r\n}",
							"options": {
								"raw": {
									"language": "json"
								}
							}
						},
						"url": {
							"raw": "http://localhost:3000/api/product-fav/",
							"protocol": "http",
							"host": [
								"localhost"
							],
							"port": "3000",
							"path": [
								"api",
								"product-fav",
								""
							]
						}
					},
					"response": []
				}
			]
		},
		{
			"name": "payment method ( phương thức thanh toán )",
			"item": [
				{
					"name": "tìm các phương thức thanh toán",
					"request": {
						"method": "GET",
						"header": [],
						"url": {
							"raw": "http://localhost:3000/api/pay-method/get-all",
							"protocol": "http",
							"host": [
								"localhost"
							],
							"port": "3000",
							"path": [
								"api",
								"pay-method",
								"get-all"
							]
						}
					},
					"response": []
				}
			]
		},
		{
			"name": "voucher ( mã giảm giá )",
			"item": [
				{
					"name": "tìm tất cả voucher\\",
					"request": {
						"method": "GET",
						"header": [],
						"url": {
							"raw": "http://localhost:3000/api/voucher/get-all",
							"protocol": "http",
							"host": [
								"localhost"
							],
							"port": "3000",
							"path": [
								"api",
								"voucher",
								"get-all"
							]
						}
					},
					"response": []
				}
			]
		},
		{
			"name": "cart ( giỏ hàng )",
			"item": [
				{
					"name": "tìm tất cả giỏ hàng ( ko dùng vào app . để check thôi )",
					"request": {
						"method": "GET",
						"header": [],
						"url": {
							"raw": "http://localhost:3000/api/cart/get-all",
							"protocol": "http",
							"host": [
								"localhost"
							],
							"port": "3000",
							"path": [
								"api",
								"cart",
								"get-all"
							]
						}
					},
					"response": []
				},
				{
					"name": "thêm giỏ hàng",
					"request": {
						"method": "POST",
						"header": [],
						"body": {
							"mode": "raw",
							"raw": "{\r\n    \"quantity\":\"1\",\r\n    \"productId\":\"673aa252a9d42d3f6dd78a54\",\r\n    \"userId\":\"673c329d7dcb360be5abae1c\"\r\n}",
							"options": {
								"raw": {
									"language": "json"
								}
							}
						},
						"url": {
							"raw": "http://localhost:3000/api/cart/",
							"protocol": "http",
							"host": [
								"localhost"
							],
							"port": "3000",
							"path": [
								"api",
								"cart",
								""
							]
						}
					},
					"response": []
				},
				{
					"name": "tìm giỏ hàng theo id giỏ hàng",
					"request": {
						"method": "GET",
						"header": [],
						"url": {
							"raw": "http://localhost:3000/api/cart/673c3fe7cb136608dc1e566a",
							"protocol": "http",
							"host": [
								"localhost"
							],
							"port": "3000",
							"path": [
								"api",
								"cart",
								"673c3fe7cb136608dc1e566a"
							]
						}
					},
					"response": []
				},
				{
					"name": "tìm giỏ hàng theo id user",
					"request": {
						"method": "GET",
						"header": [],
						"url": {
							"raw": "http://localhost:3000/api/cart/u/673c329d7dcb360be5abae1c",
							"protocol": "http",
							"host": [
								"localhost"
							],
							"port": "3000",
							"path": [
								"api",
								"cart",
								"u",
								"673c329d7dcb360be5abae1c"
							]
						}
					},
					"response": []
				},
				{
					"name": "cập nhật giỏ hàng theo id giỏ hàng",
					"request": {
						"method": "PUT",
						"header": [],
						"body": {
							"mode": "raw",
							"raw": "{\r\n    \"quantity\": 12\r\n}",
							"options": {
								"raw": {
									"language": "json"
								}
							}
						},
						"url": {
							"raw": "http://localhost:3000/api/cart/673c3fe7cb136608dc1e566a",
							"protocol": "http",
							"host": [
								"localhost"
							],
							"port": "3000",
							"path": [
								"api",
								"cart",
								"673c3fe7cb136608dc1e566a"
							]
						}
					},
					"response": []
				},
				{
					"name": "xóa giỏ hàng theo id giỏ hàng",
					"request": {
						"method": "DELETE",
						"header": [],
						"url": {
							"raw": "http://localhost:3000/api/cart/673c58a1bd9b27704b078fe4",
							"protocol": "http",
							"host": [
								"localhost"
							],
							"port": "3000",
							"path": [
								"api",
								"cart",
								"673c58a1bd9b27704b078fe4"
							]
						}
					},
					"response": []
				}
			]
		},
		{
			"name": "category ( thể loại )",
			"item": [
				{
					"name": "tìm kiếm thể loại ,có tìm theo name",
					"request": {
						"method": "GET",
						"header": [],
						"url": {
							"raw": "http://localhost:3000/api/category/get-all?page=1&limit=10&name=ăn",
							"protocol": "http",
							"host": [
								"localhost"
							],
							"port": "3000",
							"path": [
								"api",
								"category",
								"get-all"
							],
							"query": [
								{
									"key": "page",
									"value": "1"
								},
								{
									"key": "limit",
									"value": "10"
								},
								{
									"key": "name",
									"value": "ăn"
								}
							]
						}
					},
					"response": []
				},
				{
					"name": "tìm kiếm thể loại theo id",
					"request": {
						"method": "GET",
						"header": [],
						"url": {
							"raw": "http://localhost:3000/api/category/673815433776a31a3fa45adb",
							"protocol": "http",
							"host": [
								"localhost"
							],
							"port": "3000",
							"path": [
								"api",
								"category",
								"673815433776a31a3fa45adb"
							]
						}
					},
					"response": []
				}
			]
		},
		{
			"name": "order ( đặt hàng )",
			"item": [
				{
					"name": "api thanh toán online vn pay",
					"request": {
						"method": "POST",
						"header": [],
						"body": {
							"mode": "raw",
							"raw": "{\r\n    \"userId\": \"6737fdd0ee57203db3f8c07d\",\r\n    \"cartId\": [\r\n        \"673c3fe7cb136608dc1e566a\",\r\n        \"674a8f48c9959e4736ca6b34\"\r\n    ],\r\n    \"paymentMethodId\": \"673aed15ad0cf16b1480e2eb\",\r\n    \"voucherId\": \"673af0c6ad0cf16b1480e2fc\",\r\n    \"language\": \"vi\"\r\n}",
							"options": {
								"raw": {
									"language": "json"
								}
							}
						},
						"url": {
							"raw": "http://localhost:3000/api/order",
							"protocol": "http",
							"host": [
								"localhost"
							],
							"port": "3000",
							"path": [
								"api",
								"order"
							]
						}
					},
					"response": []
				},
				{
					"name": "tìm đơn hàng theo id user",
					"protocolProfileBehavior": {
						"disableBodyPruning": true
					},
					"request": {
						"method": "GET",
						"header": [],
						"body": {
							"mode": "raw",
							"raw": "{\r\n    \"userId\": \"6737fdd0ee57203db3f8c07d\",\r\n    \"cartId\": [\r\n        \"673c3fe7cb136608dc1e566a\",\r\n        \"674a8f48c9959e4736ca6b34\"\r\n    ],\r\n    \"paymentMethodId\": \"673aed15ad0cf16b1480e2eb\",\r\n    \"voucherId\": \"673af0c6ad0cf16b1480e2fc\",\r\n    \"language\": \"vi\"\r\n}",
							"options": {
								"raw": {
									"language": "json"
								}
							}
						},
						"url": {
							"raw": "http://localhost:3000/api/order/u/6737fdd0ee57203db3f8c07d",
							"protocol": "http",
							"host": [
								"localhost"
							],
							"port": "3000",
							"path": [
								"api",
								"order",
								"u",
								"6737fdd0ee57203db3f8c07d"
							]
						}
					},
					"response": []
				}
			]
		}
	]
}